Workbook

Sheet Church Registrations
A1: The Parenting Project Myanmar — Partner Church Registration Database
A2: Official CBN Asia Family Discipleship Initiative · Data Collection & Tracking Portal
A4: Reg ID | B4: Timestamp | C4: Church / School Name | D4: State / Region | E4: City / Township | F4: Denomination / Network | G4: Lead Pastor / Coordinator | H4: Official Email | I4: Phone / Viber Number | J4: Estimated Families | K4: Status
A5: TPP-MM-001 | B5: 2026-09-20 14:32 | C5: Yangon Grace Baptist Church | D5: Yangon | E5: Insein | F5: Myanmar Baptist Convention (MBC) | G5: Rev. Dr. Khin Maung | H5: khinmaung@gracechurch.org | I5: +95 9 4210 12345 | J5: 26–50 | K5: Verified (Full Access)
A6: TPP-MM-002 | B6: 2026-09-20 16:15 | C6: Mandalay Emmanuel Christian Church | D6: Mandalay | E6: Chanayethazan | F6: Assemblies of God (AG) | G6: Pastor Aung San | H6: aungsan@emmanuelmdy.com | I6: +95 9 7985 67890 | J6: 51–100 | K6: Contacted via Viber
A7: TPP-MM-003 | B7: 2026-09-21 09:20 | C7: Taunggyi Living Word Fellowship | D7: Shan | E7: Taunggyi | F7: Independent Fellowship | G7: Pastor Sai Lone | H7: sai.lone@livingword.org | I7: +95 9 2501 23456 | J7: 10–25 | K7: Training Scheduled
A8: TPP-MM-004 | B8: 2026-09-21 11:45 | C8: Hakha Faith Baptist Church | D8: Chin | E8: Hakha | F8: Chin Baptist Convention (CBC) | G8: Pastor Thang Lian | H8: thang.lian@hakhachurch.org | I8: +95 9 7800 98765 | J8: 51–100 | K8: Verified
A9: TPP-MM-005 | B9: 2026-09-21 15:10 | C9: Myitkyina Hope Center Church | D9: Kachin | E9: Myitkyina | F9: Kachin Baptist Convention (KBC) | G9: Rev. Maran Seng | H9: maran.seng@hopecenter.org | I9: +95 9 4001 54321 | J9: 26–50 | K9: New Registration
A10: TPP-MM-006 | B10: 2026-09-22 08:30 | C10: Pathein Trinity Methodist Church | D10: Ayeyarwady | E10: Pathein | F10: Methodist Church of Myanmar | G10: Pastor Tin Hlaing | H10: tinhlaing@trinitypathein.org | I10: +95 9 9700 11223 | J10: 10–25 | K10: Contacted via Viber
A11: TPP-MM-007 | B11: 2026-09-22 13:05 | C11: Hpa-an Grace Community Church | D11: Kayin | E11: Hpa-an | F11: Kayin Baptist Convention | G11: Pastor Saw Eh Kaw | H11: sawehkaw@hpaanchurch.org | I11: +95 9 7990 33445 | J11: 100+ | K11: Training Scheduled
A12: TPP-MM-008 | B12: 2026-09-22 17:40 | C12: Mawlamyine Harvest Assembly | D12: Mon | E12: Mawlamyine | F12: Full Gospel Church | G12: Pastor Win Naing | H12: win.naing@harvestassembly.org | I12: +95 9 4280 99887 | J12: 26–50 | K12: Verified
A13: TPP-MM-009 | B13: 2026-09-23 09:12 | C13: Kalay Central Baptist Church | D13: Sagaing | E13: Kalaymyo | F13: Kalay Baptist Association | G13: Rev. Kap No | H13: kapno@kalaychurch.org | I13: +95 9 6900 55667 | J13: 51–100 | K13: New Registration
A14: TPP-MM-010 | B14: 2026-09-23 10:05 | C14: Bago City Light Church | D14: Bago | E14: Bago | F14: Presbyterian Church of Myanmar | G14: Pastor Myo Myint | H14: myomyint@bagochurch.org | I14: +95 9 7788 12345 | J14: 10–25 | K14: New Registration
A15: TPP-MM-011 | B15: 2026-09-23 10:22 | C15: Mawlamyine Hope Baptist | D15: Mon | E15: Mawlamyine | F15: Baptist | G15: Sayargyi U Thein | H15: uthein@hope.org | I15: +95 9 11223344 | J15: 26–50 Families | K15: New Registration
A16: TPP-MM-012 | B16: 2026-09-23 11:13 | C16: Mandalay Grace Church | D16: Mandalay | E16: Maha Aungmye | F16: Baptist | G16: Pastor Aung Myo | H16: aungmyo@grace.org | I16: +95 9 798 12345 | J16: 25–50 Families | K16: New Registration
A17: TPP-MM-013 | B17: 2026-09-23 11:13 | C17: Test Yangon Church | D17: Yangon | E17: Yangon | F17: Independent | J17: 10–25 Families | K17: New Registration
A18: TPP-MM-014 | B18: 2026-09-23 11:27 | C18: Taunggyi Community Fellowship | D18: Shan | E18: Taunggyi | F18: Independent | G18: Pastor Sai Kham | H18: saikham@taunggyichurch.org | I18: +95 9 789 55512 | J18: 25–50 Families | K18: New Registration
A19: TPP-MM-015 | B19: 2026-09-23 16:23 | C19: CBN Myanmar | D19: Mandalay | E19: Mandalay | F19: sianhung@gmail.com | G19: CBN Production Myanmar | H19: sianhung@gmail.com | I19: 09095859034 | J19: 1–20 | K19: Verified (Full Access)
A20: TPP-MM-016 | B20: 2026-09-23 16:25 | C20: Test Church | D20: Yangon | E20: Yangon | F20: Independent | G20: Test User | H20: test@test.com | I20: 09123456789 | J20: 10–25 Families | K20: New Registration
A21: TPP-MM-017 | B21: 2026-09-23 16:52 | C21: CBN Myanmar | D21: Mon | E21: Mandalay | F21: cbnmyanmar@gmail.com | G21: Cbnmyanmar | H21: cbnmyanmar@gmail.com | I21: 098789078790 | J21: 1–20 | K21: New Registration
A22: TPP-MM-018 | B22: 2026-09-24 08:31 | C22: End-to-End Live Sync Church | D22: Yangon | E22: Bahan | F22: Baptist | G22: Daw Mary | H22: mary@cbnmyanmar.org | I22: 0977665544 | J22: 10–25 Families | K22: New Registration
A23: TPP-MM-019 | B23: 2026-09-24 08:37 | C23: CBN Church | D23: Kayin | E23: Hpa An | F23: cbnmm@gmail.com | G23: CBNmm | H23: cbnmm@gmail.com | I23: 0978564860 | J23: 51–100 | K23: New Registration

Sheet Analytics Dashboard
A1: The Parenting Project Myanmar — Executive Analytics & Regional Breakdown
A3: Total Partner Churches | C3: Churches Verified | E3: Contacted via Viber
A4: =COUNTA('Church Registrations'!C5:C100) | C4: =COUNTIF('Church Registrations'!K5:K100, "Verified") | E4: =COUNTIF('Church Registrations'!K5:K100, "Contacted via Viber")
A7: Region / State | B7: Partner Churches | C7: % of Total
A8: Yangon | B8: =COUNTIF('Church Registrations'!D5:D100, "Yangon") | C8: =B8/$A$4
A9: Mandalay | B9: =COUNTIF('Church Registrations'!D5:D100, "Mandalay") | C9: =B9/$A$4
A10: Shan | B10: =COUNTIF('Church Registrations'!D5:D100, "Shan") | C10: =B10/$A$4
A11: Chin | B11: =COUNTIF('Church Registrations'!D5:D100, "Chin") | C11: =B11/$A$4
A12: Kachin | B12: =COUNTIF('Church Registrations'!D5:D100, "Kachin") | C12: =B12/$A$4
A13: Ayeyarwady | B13: =COUNTIF('Church Registrations'!D5:D100, "Ayeyarwady") | C13: =B13/$A$4
A14: Kayin | B14: =COUNTIF('Church Registrations'!D5:D100, "Kayin") | C14: =B14/$A$4
A15: Mon | B15: =COUNTIF('Church Registrations'!D5:D100, "Mon") | C15: =B15/$A$4
A16: Sagaing | B16: =COUNTIF('Church Registrations'!D5:D100, "Sagaing") | C16: =B16/$A$4
A17: Bago | B17: =COUNTIF('Church Registrations'!D5:D100, "Bago") | C17: =B17/$A$4
